FROM,n_articles,pct_articles,total_reach,mean_reach,actor_category
glasistre.hr,658,3.44,422142,642,""
zagorje.com,641,3.35,1549461,2417,""
index.hr,622,3.25,9042168,14584,""
tportal.hr,588,3.07,1414242,2405,""
novilist.hr,512,2.68,786336,1536,""
jutarnji.hr,509,2.66,4083489,8023,""
slobodnadalmacija.hr,491,2.57,2000454,4083,""
poslovni.hr,478,2.5,1099101,2299,""
direktno.hr,414,2.16,409881,995,""
seebiz.eu,413,2.16,8212,20,""
nacional.hr,408,2.13,518652,1271,""
vecernji.hr,395,2.07,1994910,5182,""
hrt.hr,366,1.91,277695,759,""
dnevno.hr,362,1.89,3311931,9149,""
n1info.com,348,1.82,1923804,5528,""
glas-slavonije.hr,313,1.64,37821,121,""
hnb.hr,308,1.61,388947,1263,""
bloombergadria.com,279,1.46,47169,169,""
24sata.hr,249,1.3,2130930,8558,""
telegram.hr,241,1.26,2296275,9528,""
privredni.hr,231,1.21,42582,184,""
dnevnik.hr,229,1.2,1337406,5840,""
hina.hr,221,1.16,4125,19,""
glas.hr,216,1.13,207,1,""
hrportfolio.hr,205,1.07,21513,105,""
lidermedia.hr,198,1.04,49284,249,""
zakon.hr,197,1.03,92547,470,""
hrvatska-danas.com,193,1.01,165957,860,""
7dnevno.hr,183,0.96,121154,662,""
novine.hr,170,0.89,13192,78,""
n1info.hr,169,0.88,292140,1729,""
prigorski.hr,160,0.84,89652,560,""
dalmatinskiportal.hr,158,0.83,1442913,9132,""
otvoreno.hr,148,0.77,78012,527,""
gov.hr,146,0.76,3433941,23520,""
priznajem.hr,144,0.75,963432,6690,""
rtl.hr,140,0.73,702336,5017,""
novo.hr,136,0.71,57663,424,""
dalmacijadanas.hr,130,0.68,144000,1108,""
antenazadar.hr,129,0.67,144837,1123,""
sibenik.in,117,0.61,90162,771,""
lider.media,112,0.59,35433,316,""
tockanai.hr,104,0.54,11070,106,""
kamenjar.com,97,0.51,99072,1021,""
energypress.net,93,0.49,2178,23,""
kastela.org,92,0.48,50502,549,""
zadarskilist.hr,91,0.48,38331,421,""
Hrvatska narodna banka,87,0.45,165141,1898,""
hia.com.hr,84,0.44,24012,286,""
zagreb.info,80,0.42,122661,1533,""
ogportal.com,77,0.4,29858,388,""
kopriva.info,76,0.4,495,7,""
svijetosiguranja.eu,73,0.38,146,2,""
totalinfo.hr,73,0.38,55356,758,""
infokiosk.net,72,0.38,639,9,""
grabancijas.com,70,0.37,140,2,""
narod.hr,69,0.36,135045,1957,""
suvremena.hr,68,0.36,330,5,""
01portal.hr,66,0.35,24903,377,""
dalmacijanews.hr,66,0.35,71118,1078,""
hkm.hr,66,0.35,12771,194,""
croatia,65,0.34,0,,""
net.hr,64,0.33,296901,4713,""
radio-banovina.hr,63,0.33,76428,1213,""
istra24.hr,59,0.31,24468,415,""
dulist.hr,58,0.3,32721,564,""
politikaplus.com,58,0.3,19236,332,""
forum.hr,57,0.3,0,,""
dragovoljac.com,56,0.29,6338,113,""
hrv.hr,56,0.29,931,17,""
una.world,55,0.29,12171,221,""
034portal.hr,54,0.28,63387,1174,""
euractiv.hr,53,0.28,28959,546,""
poslovnojutro.com,53,0.28,0,0,""
poslovnifm.com,51,0.27,16173,317,""
istrain.hr,50,0.26,25092,502,""
teleskop.hr,49,0.26,271017,5646,""
ipress.hr,48,0.25,26433,551,""
nacionalno.hr,48,0.25,15723,328,""
dzs.hr,47,0.25,1269,27,""
maxportal.hr,46,0.24,173739,3777,""
jatrgovac.com,45,0.24,5562,124,""
mirovina.hr,44,0.23,124200,2823,""
objektivno.hr,44,0.23,6712,153,""
leportale.com,43,0.22,903,21,""
360hr.news,42,0.22,84,2,""
app-booking.com,42,0.22,42,1,""
portalnovosti.com,41,0.21,103521,2525,""
motors.com.hr,40,0.21,240,6,""
sbperiskop.net,40,0.21,503,13,""
dubrovnikinsider.hr,37,0.19,14707,397,""
hub.hr,37,0.19,6410,173,""
medjimurski.hr,37,0.19,57354,1550,""
poslovnipuls.com,37,0.19,966,26,""
mnovine.hr,36,0.19,50778,1410,""
sjever.hr,36,0.19,13797,383,""
danica.hr,35,0.18,78801,2251,""
icv.hr,35,0.18,20163,576,""
novosti.hr,35,0.18,18160,519,""
hdz.hr,34,0.18,2149,63,""
mirakul.hr,34,0.18,5814,171,""
hkv.hr,33,0.17,4257,129,""
slavonijainfo.com,33,0.17,13536,410,""
zadardanas.com,33,0.17,9090,275,""
hrvatski-fokus.hr,32,0.17,2859,89,""
varazdinske-vijesti.hr,32,0.17,32697,1022,""
zagorje-international.hr,32,0.17,30621,957,""
auti.hr,31,0.16,93,3,""
bug.hr,31,0.16,22293,719,""
radio1.hr,31,0.16,9976,322,""
radiokrizevci.hr,28,0.15,8757,313,""
ebrod.net,27,0.14,9243,342,""
sjeverni.info,27,0.14,9675,358,""
profitiraj.hr,26,0.14,1735,67,""
vzaktualno.hr,25,0.13,12508,500,""
044portal.hr,24,0.13,6369,265,""
plemenit.hr,24,0.13,1404,58,""
radiodalmacija.hr,24,0.13,1728,72,""
znatko.com,23,0.12,414,18,""
ijf.hr,22,0.12,369,17,""
istrage.hr,22,0.12,35262,1603,""
tris.com.hr,22,0.12,18800,855,""
HINA,21,0.11,8965,427,""
baranjainfo.hr,21,0.11,13833,659,""
ictbusiness.info,21,0.11,11967,570,""
klikaj.hr,21,0.11,16992,809,""
klikni.news,21,0.11,90,4,""
HRVATSKA NARODNA BANKA / CROATIAN NATIONAL BANK,20,0.1,13252,828,""
bjelovar.live,20,0.1,23157,1158,""
hic.hr,20,0.1,101,5,""
osijeknews.hr,20,0.1,14835,742,""
rrif.hr,20,0.1,1908,95,""
studentski.hr,20,0.1,6789,339,""
035portal.hr,19,0.1,15813,832,""
evarazdin.hr,19,0.1,31797,1674,""
medjimurjepress.net,19,0.1,3114,164,""
turizmoteka.hr,19,0.1,1387,73,""
iusinfo.hr,18,0.09,3537,196,""
jadranski.hr,18,0.09,9153,508,""
kastela.com,18,0.09,6642,369,""
progressive.com.hr,18,0.09,324,18,""
regionalni.com,18,0.09,13293,738,""
croativ.net,17,0.09,11847,697,""
eurostarumag.hr,17,0.09,5850,344,""
likaclub.eu,17,0.09,6560,386,""
osijek-danas.com,17,0.09,1170,69,""
portaloko.hr,17,0.09,4893,288,""
teklic.hr,17,0.09,3837,226,""
glaspodravine.hr,16,0.08,9675,605,""
hgk.hr,16,0.08,1509,94,""
hpb.hr,16,0.08,7131,446,""
ikb.hr,16,0.08,1149,72,""
Udruga Franak,15,0.08,222225,14815,""
baustela.hr,15,0.08,27648,1843,""
dubrovnikportal.com,15,0.08,54,4,""
hrturizam.hr,15,0.08,5238,349,""
klik.hr,15,0.08,6642,443,""
sabor.hr,15,0.08,195,13,""
057info.hr,14,0.07,32603,2329,""
b-media.hr,14,0.07,1566,112,""
financije.hr,14,0.07,5361,383,""
hercegbosna.org,14,0.07,1470,105,""
istarski.hr,14,0.07,1176,84,""
makarska-danas.com,14,0.07,3399,243,""
HDZ - Hrvatska demokratska zajednica,13,0.07,203859,15681,""
Večernji list,13,0.07,71560,5505,""
likemetkovic.hr,13,0.07,7374,567,""
opereta.hr,13,0.07,1356,104,""
poslovni-savjetnik.com,13,0.07,1401,108,""
radiong.hr,13,0.07,11067,851,""
PIXSELL,12,0.06,3844,320,""
dailyadvent.com,12,0.06,20520,1710,""
faktograf.hr,12,0.06,16389,1366,""
morski.hr,12,0.06,44244,3687,""
nasabujstina.com,12,0.06,12,1,""
promise.hr,12,0.06,57270,4772,""
regionalexpress.hr,12,0.06,756,63,""
sibenskiportal.hr,12,0.06,4581,382,""
sloboda.hr,12,0.06,47085,3924,""
Ekonomski fakultet Sveučilišta u Rijeci,11,0.06,19576,1780,""
Europska komisija u Hrvatskoj,11,0.06,57869,5261,""
Metro-portal.hr,11,0.06,1730,157,""
logicno.com,11,0.06,54753,4978,""
nacionalniportal.hr,11,0.06,3303,300,""
panopticum.hr,11,0.06,9306,846,""
stvarnost.hr,11,0.06,34951,3177,""
womeninadria.com,11,0.06,7023,702,""
Ekonomski fakultet Zagreb,10,0.05,10490,1049,""
HINA multimedija,10,0.05,469,59,""
bacvice.com,10,0.05,675,68,""
centarzlata.com,10,0.05,302066,30207,""
grad-krk.hr,10,0.05,0,0,""
hok.hr,10,0.05,5478,548,""
ivijesti.hr,10,0.05,4653,465,""
liberoportal.hr,10,0.05,1593,159,""
medias.hr,10,0.05,1485,148,""
metro-portal.hr,10,0.05,100,10,""
muralist.hr,10,0.05,3530,353,""
osijek031.com,10,0.05,13158,1462,""
podravski.hr,10,0.05,8880,888,""
radnickafronta.hr,10,0.05,4474,447,""
rijekadanas.com,10,0.05,7053,705,""
5portal.hr,9,0.05,4617,513,""
Europski parlament u Hrvatskoj,9,0.05,21504,2389,""
IvanPernarTV,9,0.05,251747,31468,""
N1,9,0.05,12580,1797,""
Zvonimir Despot,9,0.05,29886,3321,""
hrvatski-izvoznici.hr,9,0.05,0,0,""
mojportal.hr,9,0.05,6660,740,""
noviradio.hr,9,0.05,4644,516,""
porestina.info,9,0.05,990,110,""
rep.hr,9,0.05,11160,1240,""
szp.hr,9,0.05,171,19,""
zastita.info,9,0.05,2880,320,""
HRT vijesti,8,0.04,15648,1956,""
OGportal,8,0.04,12,2,""
arhivanalitika.hr,8,0.04,9435,1179,""
banjaluka24.media,8,0.04,2934,367,""
brodportal.hr,8,0.04,8698,1087,""
crobitcoin.com,8,0.04,11616,1452,""
cropc.net,8,0.04,48,6,""
dubrovackiportal.hr,8,0.04,6678,835,""
fina.hr,8,0.04,2109,264,""
fiuman.hr,8,0.04,20562,2570,""
glasgacke.hr,8,0.04,1539,192,""
hanfa.hr,8,0.04,48,6,""
hop.com.hr,8,0.04,22932,2866,""
livno-online.com,8,0.04,5583,698,""
lokalnatv.com,8,0.04,0,0,""
medjimurska-zupanija.hr,8,0.04,249,31,""
mojevrijeme.hr,8,0.04,31449,3931,""
mrak.org,8,0.04,486,61,""
netokracija.com,8,0.04,10815,1352,""
novagra.hr,8,0.04,0,0,""
plavakamenica.hr,8,0.04,18414,2302,""
sbonline.net,8,0.04,8286,1036,""
x.com.hr,8,0.04,0,0,""
DNEVNIK.hr,7,0.04,260020,37146,""
Ivan Lovrinović,7,0.04,566928,80990,""
aktualno.hr,7,0.04,3211,459,""
dubrovnikpress.hr,7,0.04,2064,295,""
glasgrada.hr,7,0.04,1707,244,""
ideje.hr,7,0.04,5244,749,""
kaj.hr,7,0.04,0,0,""
kanal-ri.hr,7,0.04,4579,654,""
klikni.hr,7,0.04,2883,412,""
mok.hr,7,0.04,7137,1020,""
parentium.com,7,0.04,1983,283,""
politika24.net,7,0.04,1589,227,""
pozeski.hr,7,0.04,3831,547,""
radioslavonija.hr,7,0.04,0,0,""
ss-ivana-mestrovica-drnis.hr,7,0.04,576,82,""
Narod.hr,6,0.03,33414,5569,""
Novi list,6,0.03,51150,8525,""
NumizmatikaNET,6,0.03,8383,2096,""
braniteljski-portal.com,6,0.03,79254,13209,""
crolinks.eu,6,0.03,0,0,""
cronika.hr,6,0.03,5673,946,""
eivanec.com,6,0.03,1719,286,""
euro.hr,6,0.03,38640,6440,""
irb.hr,6,0.03,558,93,""
ljubuski.net,6,0.03,120,20,""
mega-media.hr,6,0.03,1506,251,""
nn.hr,6,0.03,1350,225,""
osiguranje.hr,6,0.03,18,3,""
poslovniturizam.com,6,0.03,0,0,""
savjeti.hr,6,0.03,11133,1856,""
startnews.hr,6,0.03,38322,6387,""
trecadobhrvatska.com,6,0.03,6147,1024,""
udrugafranak.hr,6,0.03,171,28,""
zaba.hr,6,0.03,2385,398,""
zagrebonline.hr,6,0.03,1944,324,""
zupskiportal.hr,6,0.03,0,0,""
24sata News,5,0.03,2215,554,""
Ekonomski fakultet u Osijeku,5,0.03,11660,2332,""
Hrvatska gospodarska komora,5,0.03,6053,1513,""
Lider,5,0.03,9230,1846,""
Media Servis,5,0.03,0,,""
Osijek News,5,0.03,14450,2890,""
Privredni.,5,0.03,27,5,""
Toni Milun,5,0.03,25060,5012,""
Unknown user,5,0.03,1350,270,""
azvo.hr,5,0.03,90,18,""
banjalukain.com,5,0.03,60,12,""
dw.com,5,0.03,148062,29612,""
epodravina.hr,5,0.03,6504,1301,""
hrsvijet.net,5,0.03,564,113,""
hrvatskiglas-berlin.eu,5,0.03,3348,670,""
hztk.hr,5,0.03,891,178,""
ilidzagrad.net,5,0.03,4725,945,""
imperijal.net,5,0.03,2754,551,""
itnovosti.com,5,0.03,10,2,""
lupiga.com,5,0.03,14420,2884,""
misljenja.hr,5,0.03,0,0,""
mojaplaca.hr,5,0.03,8985,1797,""
plusportal.hr,5,0.03,2349,470,""
poduckun.net,5,0.03,1581,316,""
poduzetnik.biz,5,0.03,5928,1186,""
pressclipping.hr,5,0.03,0,0,""
pula.hr,5,0.03,30,6,""
radio-djakovo.hr,5,0.03,2376,475,""
skole.hr,5,0.03,37872,7574,""
srednja.hr,5,0.03,6516,1303,""
superportal.hr,5,0.03,1041,208,""
torpedo.media,5,0.03,2754,551,""
tvprofil.com,5,0.03,930,186,""
unicath.hr,5,0.03,15,3,""
zg-magazin.com.hr,5,0.03,2737,547,""
zgportal.com,5,0.03,1572,314,""
zse.hr,5,0.03,85,17,""
Auro Domus,4,0.02,4751,1188,""
Dubrovniknet Hr,4,0.02,8428,2107,""
FIMA,4,0.02,255,85,""
Financijski klub,4,0.02,6680,1670,""
HRVATSKA MATICA ISELJENIKA,4,0.02,2506,626,""
Hrvatsko katoličko sveučilište (Universitas Studiorum Catholica Croatica),4,0.02,4624,1156,""
Imamo pravo znati 🔍,4,0.02,370,92,""
Index Vijesti,4,0.02,69676,17419,""
N1 Hrvatska,4,0.02,41372,10343,""
Nacional News Magazin,4,0.02,7747,1937,""
Osjecka TV,4,0.02,309,154,""
Poslovni.hr,4,0.02,40720,10180,""
Profitiraj.hr,4,0.02,2024,506,""
RTL Vijesti,4,0.02,99951,33317,""
WEEKEND MEDIA FESTIVAL,4,0.02,7209,1802,""
addiko.hr,4,0.02,573,143,""
akademija-art.hr,4,0.02,1080,270,""
amcham.hr,4,0.02,4,1,""
aurodomus.hr,4,0.02,855,214,""
banjaluka-24.com,4,0.02,507,127,""
cityportal.hr,4,0.02,1971,493,""
cut.hr,4,0.02,0,0,""
duList,4,0.02,8205,2051,""
dugoselska-kronika.hr,4,0.02,0,0,""
globgov.com,4,0.02,180,45,""
gloria.hr,4,0.02,5748,1437,""
grude.com,4,0.02,429,107,""
gspress.net,4,0.02,1116,279,""
hnd.hr,4,0.02,6279,1570,""
hteam.org,4,0.02,876,219,""
hu-benedikt.hr,4,0.02,252,63,""
in-portal.hr,4,0.02,3856,964,""
istinomprotivlazi.eu,4,0.02,8649,2162,""
karlovacki.hr,4,0.02,2560,640,""
matis.hr,4,0.02,282,70,""
moj-bankar.hr,4,0.02,1476,492,""
oluja.info,4,0.02,360,90,""
osijekexpress.com,4,0.02,2031,508,""
otpbanka.hr,4,0.02,732,183,""
paraf.hr,4,0.02,29814,7454,""
poba.hr,4,0.02,467,117,""
poslovnaucinkovitost.hr,4,0.02,8,2,""
pozeska-kronika.hr,4,0.02,2715,679,""
predsjednik.hr,4,0.02,2535,634,""
radio-baranja.hr,4,0.02,180,45,""
radio-zlatar.hr,4,0.02,0,0,""
radio101.hr,4,0.02,97,24,""
rif.hr,4,0.02,8,2,""
rva.hr,4,0.02,2925,731,""
tjedno.hr,4,0.02,102,26,""
uniri.hr,4,0.02,288,72,""
unist.hr,4,0.02,936,234,""
zeneinovac.com,4,0.02,1296,324,""
zgradonacelnik.hr,4,0.02,5538,1384,""
ŠibenikIN,4,0.02,15768,3942,""
24sata,3,0.02,149848,49949,""
Centar za podršku studentima i razvoj karijera FOI,3,0.02,603,201,""
Dnevno.hr,3,0.02,35271,11757,""
"Dobro jutro, Hrvatska",3,0.02,26343,8781,""
Gimnazija Josipa Slavenskog Čakovec,3,0.02,6165,2055,""
Glas Hrvatske,3,0.02,376,125,""
Hauska & Partner Hrvatska,3,0.02,2269,1134,""
Hrvatska kovnica novca / Croatian Mint,3,0.02,4669,1556,""
Hrvatsko debatno drustvo,3,0.02,3939,1313,""
Hrvoje Dolenec,3,0.02,17,6,""
Index.hr,3,0.02,201522,67174,""
Informativni centar Virovitica - www.icv.hr,3,0.02,8937,2979,""
Iva Puljic Sego,3,0.02,535,178,""
Mladen Cetinja,3,0.02,371,186,""
Moj HRT,3,0.02,9267,3089,""
Portal grada Kaštela,3,0.02,3102,1034,""
Poslovni dnevnik,3,0.02,7,7,""
RTL,3,0.02,8430,2810,""
Radnička Fronta,3,0.02,46056,15352,""
SEEbiz,3,0.02,1389,463,""
Sveučilište Libertas - Libertas International University,3,0.02,3207,1069,""
Sveučilište u Dubrovniku,3,0.02,3933,1311,""
Televizija Slavonije i Baranje,3,0.02,122,61,""
Zagreb.info,3,0.02,27055,9018,""
Zoran Šprajc,3,0.02,77012,25671,""
agrobiz.hr,3,0.02,267,89,""
bilten.org,3,0.02,447,149,""
debug.hr,3,0.02,3429,1143,""
dubrovnik.hr,3,0.02,9,3,""
eizg.hr,3,0.02,6,2,""
forum.tm,3,0.02,5226,1742,""
glaslike.hr,3,0.02,0,0,""
hercegovina.info,3,0.02,17001,5667,""
hrvatskonebo.org,3,0.02,2124,708,""
itbizcrunch.com,3,0.02,0,0,""
journal.hr,3,0.02,621,207,""
kckzz.hr,3,0.02,3,1,""
kentbank.hr,3,0.02,6,2,""
koprivnica.hr,3,0.02,921,307,""
legalis.hr,3,0.02,78,26,""
lika-online.hr,3,0.02,981,327,""
medjimurje.info,3,0.02,2943,981,""
mvep.hr,3,0.02,432,144,""
novaczasutra.hr,3,0.02,45,15,""
nsz.hr,3,0.02,828,276,""
posta.hr,3,0.02,405,135,""
privredni hr,3,0.02,402,201,""
ramiro.hr,3,0.02,486,162,""
rijeka.hr,3,0.02,315,105,""
sabh.hr,3,0.02,1632,544,""
sbplus.hr,3,0.02,108,36,""
she.hr,3,0.02,297,99,""
sportcom.hr,3,0.02,6,2,""
sssh.hr,3,0.02,207,69,""
story.hr,3,0.02,2439,813,""
stv.hr,3,0.02,3,1,""
suh.hr,3,0.02,0,0,""
trend.com.hr,3,0.02,585,195,""
uhpa.hr,3,0.02,114,38,""
uredinfo.com.hr,3,0.02,0,0,""
velikagorica.com,3,0.02,0,0,""
vgdanas.hr,3,0.02,2499,833,""
zgexpress.net,3,0.02,3864,1288,""
BN Portal,2,0.01,22040,11020,""
Bloomberg Adria Hrvatska,2,0.01,47,24,""
Centar Zlata,2,0.01,1637,818,""
Dubrovačka televizija,2,0.01,655,328,""
EK Hrvatska,2,0.01,803,402,""
Edvard Busic,2,0.01,71,36,""
Ekonomski lab,2,0.01,4178,2089,""
Express,2,0.01,12410,6205,""
HANFA,2,0.01,357,178,""
HRT Vijesti,2,0.01,43988,21994,""
HrTurizam.hr,2,0.01,1570,785,""
Hrvatska poštanska banka,2,0.01,7581,3790,""
Iva Tomic,2,0.01,0,,""
Ivan Vranješ,2,0.01,0,,""
Lokalna Hrvatska,2,0.01,216,108,""
Mladež HDZ,2,0.01,14051,7026,""
NOVI RADIO,2,0.01,2452,1226,""
Netokracija,2,0.01,3756,1878,""
Nikola Grmoja,2,0.01,288014,144007,""
Ninoslav Šafarić,2,0.01,185,92,""
Ognian Zlatev,2,0.01,497,248,""
Poreština.info - novosti iz Poreča i okolice,2,0.01,700,350,""
Potpora Zlatku,2,0.01,4756,2378,""
Sberbank Hrvatska,2,0.01,1814,907,""
Slaven Smojver,2,0.01,10,5,""
TV N1 Zagreb,2,0.01,3004,1502,""
Vanja 🐏,2,0.01,42,21,""
Vedran Lerga,2,0.01,30,15,""
Veleučilište RRiF,2,0.01,2078,1039,""
Vjeran Karačić,2,0.01,98,49,""
Vlada Republike Hrvatske,2,0.01,69667,34834,""
Wüstenrot stambena štedionica d.d.,2,0.01,1270,635,""
ZADARdanas,2,0.01,1342,671,""
aktivirajkarlovac.net,2,0.01,1530,765,""
apn.hr,2,0.01,591,296,""
azu.hr,2,0.01,0,0,""
buzzsneakers.hr,2,0.01,0,0,""
coverstyle.hr,2,0.01,1010,505,""
croatiabanka.hr,2,0.01,139,70,""
crorec.hr,2,0.01,6,3,""
crozilla.com,2,0.01,2218,1109,""
danas.hr,2,0.01,1827,914,""
dom2.hr,2,0.01,137,68,""
drava.info,2,0.01,182,91,""
dvapapira.hr,2,0.01,0,0,""
educentar.net,2,0.01,657,328,""
edukacije.hr,2,0.01,198,99,""
eppgroup.eu,2,0.01,44,22,""
europesays.com,2,0.01,600,300,""
ferata.hr,2,0.01,2364,1182,""
finance.hr,2,0.01,1065,532,""
foi.hr,2,0.01,402,201,""
geopolitika.news,2,0.01,11376,5688,""
grad-glina.hr,2,0.01,0,0,""
h-alter.org,2,0.01,6,3,""
hairstyle-news.hr,2,0.01,7371,3686,""
halmed.hr,2,0.01,52,26,""
hou.hr,2,0.01,24,12,""
inkubator.hr,2,0.01,0,0,""
instore.hr,2,0.01,2,1,""
istra.hr,2,0.01,24,12,""
istralandia.hr,2,0.01,6,3,""
javnanadmetanja.com,2,0.01,2,1,""
korcula.online,2,0.01,504,252,""
lipadona.com,2,0.01,290,145,""
livecamcroatia.com,2,0.01,141,70,""
metkovic-news.com,2,0.01,1449,724,""
mojzagreb.info,2,0.01,6,3,""
monitor.hr,2,0.01,396,198,""
most-hrvatska.hr,2,0.01,17343,8672,""
novi-radio.hr,2,0.01,0,0,""
obris.org,2,0.01,1693,846,""
obz.hr,2,0.01,1001,500,""
opcinakonavle.hr,2,0.01,0,0,""
opera.news,2,0.01,2400,1200,""
pcnen.com,2,0.01,219,110,""
porezna-uprava.hr,2,0.01,2070,1035,""
posao.hr,2,0.01,17520,8760,""
poskok.info,2,0.01,1131,566,""
pozega.eu,2,0.01,1290,645,""
pressmediabih.com,2,0.01,1431,716,""
prigorskiradio.hr,2,0.01,663,332,""
qoshe.com,2,0.01,102,51,""
ra-igra.hr,2,0.01,1719,860,""
radio-mreznica.hr,2,0.01,3739,1870,""
radiolabin.hr,2,0.01,209,104,""
rba.hr,2,0.01,213147,106574,""
rogotin.hr,2,0.01,0,0,""
rudan.info,2,0.01,39477,19738,""
sdp.hr,2,0.01,2765,1382,""
serbia,2,0.01,0,,""
slavonikanews.hr,2,0.01,1350,675,""
spectatorblog.net,2,0.01,1476,738,""
studioeuropa.online,2,0.01,171,86,""
superradio.hr,2,0.01,0,0,""
suverenisti.hr,2,0.01,504,252,""
ticm.hr,2,0.01,1224,612,""
timebusinessnews.com,2,0.01,3402,1701,""
tis.hr,2,0.01,2,1,""
uhov.hr,2,0.01,47,24,""
uik.hr,2,0.01,0,0,""
uniline.hr,2,0.01,2164,1082,""
unin.hr,2,0.01,126,63,""
varazdin-info.com,2,0.01,0,0,""
vinkulja.hr,2,0.01,2304,1152,""
wixsite.com,2,0.01,479,240,""
wuestenrot.hr,2,0.01,12,6,""
www.vinkovci.com.hr,2,0.01,468,234,""
zagreb.hr,2,0.01,237,118,""
zapad.tv,2,0.01,90,45,""
zenicablog.com,2,0.01,1017,508,""
Časopis Zaštita,2,0.01,400,200,""
Želim stipendiju,2,0.01,1876,938,""
072info.com,1,0.01,114,114,""
20minuta.hr,1,0.01,2,2,""
4Dportal,1,0.01,1325,1325,""
Alen Dylan,1,0.01,129,129,""
Alen Dylan 402,1,0.01,76,76,""
Alen Dylan 🇭🇷🇨🇭🇧🇦,1,0.01,119,119,""
Alen Legovic,1,0.01,41,41,""
Antena Zadar,1,0.01,100,100,""
Arkanđeo 🇧🇷🇭🇷,1,0.01,0,,""
Asseco SEE Hrvatska,1,0.01,990,990,""
BARBATrolTroter,1,0.01,88,88,""
BalkanTrend,1,0.01,0,,""
BankaZlata.com,1,0.01,533,533,""
Bloger Krule - Obrana i zaštita od gluposti,1,0.01,279663,279663,""
Boris Radošević,1,0.01,238,238,""
Božo Kraš 🇭🇷 🖖,1,0.01,196,196,""
Centar,1,0.01,6248,6248,""
Croatia - CRO 🇭🇷,1,0.01,140,140,""
Croma - Hrvatsko udruženje menadžera i poduzetnika,1,0.01,0,,""
Crveni križ Vrbovsko,1,0.01,726,726,""
DOMOLJUBNO SRCE,1,0.01,3,3,""
DalmacijaDanas,1,0.01,4051,4051,""
Dalmatinski portal,1,0.01,7168,7168,""
Danas.hr,1,0.01,6423,6423,""
Daniel Letica,1,0.01,88,88,""
Dario,1,0.01,37,37,""
Dario Hrastovic,1,0.01,1,1,""
Dario Čepo,1,0.01,338,338,""
Davor Majcenić,1,0.01,3,3,""
Davor Pasarić,1,0.01,360,360,""
Davor l.,1,0.01,6,6,""
Deloitte,1,0.01,78253,78253,""
Direktno.hr,1,0.01,5346,5346,""
"Dobro Jutro, Hrvatska",1,0.01,6587,6587,""
Domagoj Babić,1,0.01,33,33,""
Dubrovački Dnevnik,1,0.01,3081,3081,""
EFRI Ekonomski fakultet Sveučilišta u Rijeci,1,0.01,13,13,""
EFST Ekonomski fakultet - Sveučilište u Splitu,1,0.01,458,458,""
Effectus poduzetnički studiji,1,0.01,711,711,""
Eko-zona,1,0.01,477,477,""
"Elektrostrojarska obrtnička škola - Selska cesta 83, Zagreb",1,0.01,347,347,""
Europa Kutina,1,0.01,253,253,""
FESB,1,0.01,669,669,""
Faktograf.hr,1,0.01,3798,3798,""
Filip U Protokolu Furlan,1,0.01,6,6,""
Financijski Coach,1,0.01,0,,""
Fondovi.hr,1,0.01,250,250,""
Franjo Tušinec,1,0.01,234,234,""
Gimnazija Vladimira Nazora Zadar,1,0.01,896,896,""
Grad Rijeka,1,0.01,2046,2046,""
Grad Varaždin,1,0.01,1317,1317,""
Grafički fakultet,1,0.01,305,305,""
HDD - Hrvatsko dizajnersko društvo / Croatian Designers Association,1,0.01,9094,9094,""
HRASTOVIĆ Inženjering d.o.o.,1,0.01,1,1,""
HRT - Radio Rijeka,1,0.01,1639,1639,""
HRT OTVORENO,1,0.01,379,379,""
HRT Radio Sljeme,1,0.01,2929,2929,""
Hot.hr,1,0.01,1683,1683,""
Hrvatska katolička mreža,1,0.01,1322,1322,""
Hrvatska radiotelevizija,1,0.01,7346,7346,""
Hrvatska udruga za odnose s javnošću - HUOJ,1,0.01,532,532,""
Hrvatski izvoznici,1,0.01,142,142,""
Hrvatski katolički radio,1,0.01,76,76,""
Hrvatski suverenisti,1,0.01,0,,""
ICT Business,1,0.01,0,,""
IX. gimnazija Zagreb,1,0.01,1296,1296,""
Iki podunavac,1,0.01,61,61,""
Index Video,1,0.01,4127,4127,""
Informativni Servis Zapad,1,0.01,19,19,""
Istra 24,1,0.01,2070,2070,""
Ivan Car,1,0.01,6,6,""
Ivan Penava,1,0.01,35046,35046,""
Ivana Maletić,1,0.01,2751,2751,""
Ivica Todorić,1,0.01,16522,16522,""
Ja TRGOVAC,1,0.01,269,269,""
Jelena,1,0.01,74,74,""
Jesenski i Turk,1,0.01,10,10,""
Jutarnji,1,0.01,39883,39883,""
Karol Jurišić,1,0.01,42,42,""
Klub Alpbach Hrvatska (KAH),1,0.01,1020,1020,""
Knjižnica TŠRB,1,0.01,513,513,""
Knjižnica Čepin,1,0.01,240,240,""
Kryste Burn,1,0.01,31,31,""
Liora,1,0.01,0,,""
Lokalpatrioti Rijeka,1,0.01,1478,1478,""
Lupiga.com,1,0.01,6305,6305,""
Magazin.hr,1,0.01,1908,1908,""
Maks Prebeg,1,0.01,126,126,""
Mario,1,0.01,38,38,""
Mario Derajić,1,0.01,0,,""
Marketing Meet Up,1,0.01,707,707,""
Marko Božac,1,0.01,175,175,""
Mehmet Erkul,1,0.01,15,15,""
Memorijalni centar Faust Vrančić Memorial Center Faust Vrančić,1,0.01,1418,1418,""
Ministarstvo vanjskih i europskih poslova,1,0.01,5457,5457,""
Mladen Petrović,1,0.01,452,452,""
MojPosao,1,0.01,21758,21758,""
Možemo - politička platforma,1,0.01,26844,26844,""
Mreža TV,1,0.01,858,858,""
NACIONALNA I SVEUČILIŠNA KNJIŽNICA U ZAGREBU,1,0.01,1381,1381,""
NOVA TV,1,0.01,30037,30037,""
NT 🌊,1,0.01,0,,""
Net.hr,1,0.01,37797,37797,""
Nick,1,0.01,1,1,""
Novosti,1,0.01,283,283,""
ODRAZ-Održivi razvoj zajednice,1,0.01,875,875,""
OkvirNet,1,0.01,3,3,""
Osijek Danas / Osijek Media Group / vodeća Agencija u Slavoniji,1,0.01,557,557,""
OsijekNews.hr,1,0.01,85,85,""
"Osnovna škola ""Horvati""",1,0.01,378,378,""
Otvoreno.hr,1,0.01,23,23,""
Pokret Occupy  Croatia,1,0.01,2193,2193,""
Portal Oko,1,0.01,1739,1739,""
Privredna banka Zagreb,1,0.01,5567,5567,""
Projekt Velebit,1,0.01,0,,""
RTLDanas,1,0.01,454,454,""
Radio Makarska Rivijera,1,0.01,422,422,""
Radio Sveta Nedelja,1,0.01,2438,2438,""
Radio Đakovo,1,0.01,1006,1006,""
Roberto Bilić,1,0.01,181,181,""
SBTV - Slavonskobrodska televizija,1,0.01,108,108,""
SISAK - Moj Grad,1,0.01,797,797,""
Sasa Simpraga,1,0.01,782,782,""
SiB.hr,1,0.01,4941,4941,""
Stranka Centar,1,0.01,264,264,""
Studio Europa,1,0.01,252,252,""
Sveučilišni odjel za forenzične znanosti,1,0.01,321,321,""
Sveučilište u Rijeci - Tehnički fakultet,1,0.01,115,115,""
Tea Mratinić,1,0.01,11,11,""
"Tehnička škola Ruđera Boškovića, Zagreb",1,0.01,389,389,""
Tehnička škola Zagreb,1,0.01,720,720,""
Televizija Zapad,1,0.01,1092,1092,""
Točkanai.hr,1,0.01,91,91,""
Tportal.hr,1,0.01,17608,17608,""
Trillion,1,0.01,0,,""
UNA BiH,1,0.01,203,203,""
UNA TELEVIZIJA,1,0.01,713,713,""
UNA TV BiH,1,0.01,29,29,""
Udruga Franak UF,1,0.01,403,403,""
Udruga slijepih USKA,1,0.01,9,9,""
Udruženje obrtnika grada Zagreba,1,0.01,512,512,""
Unutarnji neprijatelj Damir,1,0.01,0,,""
Upoznajmo Hrvatsku,1,0.01,1140,1140,""
VTV info,1,0.01,0,,""
Veliki Dioničar,1,0.01,895,895,""
Viktor Brešan,1,0.01,5,5,""
Visnjan Observatory,1,0.01,10780,10780,""
Visoki sud časti HDZ-a F⬛️⬛️Y⬛️,1,0.01,31,31,""
Webcafe.hr,1,0.01,1227,1227,""
Weekend Media Festival Rovinj,1,0.01,109,109,""
Z1 Televizija,1,0.01,1073,1073,""
Zagreb,1,0.01,4753,4753,""
Zagreb Online,1,0.01,924,924,""
Zagrebačka banka - UniCredit - Hrvatska,1,0.01,182,182,""
Zdenko Franic,1,0.01,58,58,""
Zeljko Mance,1,0.01,0,,""
Zeljko Matos,1,0.01,16,16,""
Zoran,1,0.01,2,2,""
Zoran Mijajlović,1,0.01,376,376,""
Zoran Milanović,1,0.01,133670,133670,""
ZoranB1708,1,0.01,160,160,""
advance.hr,1,0.01,831,831,""
agroklub.com,1,0.01,522,522,""
aktualno.com.hr,1,0.01,0,0,""
apoliticni.hr,1,0.01,903,903,""
atma.hr,1,0.01,33186,33186,""
aukcije.hr,1,0.01,990,990,""
autograf.hr,1,0.01,58,58,""
autopress.hr,1,0.01,2049,2049,""
b-portal.hr,1,0.01,0,0,""
banka.hr,1,0.01,90,90,""
bankazlata.com,1,0.01,276,276,""
bh-vijesti.com,1,0.01,497,497,""
biciklijade.com,1,0.01,54,54,""
bih-x.info,1,0.01,1,1,""
binaryoptions.com.hr,1,0.01,0,0,""
bitcoin-store.hr,1,0.01,243,243,""
bjelovarac.hr,1,0.01,0,0,""
burin.hr,1,0.01,81,81,""
burza.com.hr,1,0.01,69,69,""
casopiskvaka.com.hr,1,0.01,144,144,""
catering.hr,1,0.01,300,300,""
cetinjskilist.com,1,0.01,64,64,""
civilnodrustvo.hr,1,0.01,0,0,""
coloursofistria.com,1,0.01,6,6,""
cro-ponuda.eu,1,0.01,0,0,""
croatiaopen.hr,1,0.01,2,2,""
crodex.net,1,0.01,682,682,""
cromoda.com,1,0.01,6,6,""
culturenet.hr,1,0.01,0,0,""
desa-dubrovnik.hr,1,0.01,0,0,""
dp.hr,1,0.01,523,523,""
dugopolje.org,1,0.01,540,540,""
duplico.hr,1,0.01,0,0,""
e-skole.hr,1,0.01,207,207,""
ekvarner.info,1,0.01,6,6,""
elite.hr,1,0.01,0,0,""
elle.hr,1,0.01,8,8,""
energetika-net.com,1,0.01,1,1,""
epoha.com.hr,1,0.01,1293,1293,""
epostshop.hr,1,0.01,2,2,""
estudent.hr,1,0.01,3,3,""
eurovilla.hr,1,0.01,6,6,""
extravagant.com.hr,1,0.01,542,542,""
ey.com,1,0.01,4200,4200,""
fashion.hr,1,0.01,326,326,""
fima-vrijednosnice.hr,1,0.01,54,54,""
finax.eu,1,0.01,29,29,""
fininfo.hr,1,0.01,126,126,""
foot.biz,1,0.01,0,0,""
freecryptoadvisor24.com,1,0.01,1331,1331,""
galerijaklovic.hr,1,0.01,0,0,""
gkvk.hr,1,0.01,0,0,""
globalnovine.eu,1,0.01,783,783,""
gorskenovosti.net,1,0.01,1251,1251,""
gospodarski.hr,1,0.01,24,24,""
gracija.info,1,0.01,72,72,""
grazia.hr,1,0.01,1,1,""
green.hr,1,0.01,1854,1854,""
gric-gric.com,1,0.01,1,1,""
hazud.hr,1,0.01,4204,4204,""
hedonist-magazin.com,1,0.01,99,99,""
herceg-bosna.com,1,0.01,0,0,""
hic-vijesti.hr,1,0.01,0,0,""
historiografija.hr,1,0.01,1002,1002,""
hkig.hr,1,0.01,12,12,""
hrastovic-inzenjering.hr,1,0.01,2,2,""
hsls.hr,1,0.01,0,0,""
ht.hr,1,0.01,26,26,""
htz.hr,1,0.01,53,53,""
huffduffer.com,1,0.01,18,18,""
hura.hr,1,0.01,147,147,""
ida.hr,1,0.01,504,504,""
identitet.hr,1,0.01,216,216,""
idi.hr,1,0.01,0,0,""
ids-ddi.com,1,0.01,0,0,""
infosistem.hr,1,0.01,0,0,""
ipc.com.hr,1,0.01,55,55,""
irmo.hr,1,0.01,2,2,""
istinomprotivlazi.info,1,0.01,8424,8424,""
izravno.com,1,0.01,0,0,""
jaskadanas.hr,1,0.01,54,54,""
javni-sektor.hr,1,0.01,0,0,""
kalkulator.com.hr,1,0.01,57,57,""
kaufland.hr,1,0.01,117,117,""
kazup.hr,1,0.01,18,18,""
kfbih.com,1,0.01,56,56,""
kladionica.biz,1,0.01,6,6,""
kopun.hr,1,0.01,1,1,""
krasic.hr,1,0.01,0,0,""
kucice.hr,1,0.01,0,0,""
lag-medjimurskidoliibregi.hr,1,0.01,0,0,""
ljubusaci.com,1,0.01,102,102,""
magicus.info,1,0.01,2,2,""
magiswall.hr,1,0.01,0,0,""
math.hr,1,0.01,699,699,""
matica.hr,1,0.01,13,13,""
mediadaily.biz,1,0.01,50,50,""
mediaservis.hr,1,0.01,1,1,""
menshealth.hr,1,0.01,1,1,""
mhdz.hr,1,0.01,0,0,""
mirisicvijeca.info,1,0.01,300,300,""
miroras.hr,1,0.01,0,0,""
mjenjacnica-meri.hr,1,0.01,0,0,""
modnialmanah.com,1,0.01,6,6,""
moje-djakovo.com,1,0.01,54,54,""
monetalis.hr,1,0.01,0,0,""
motovun.hr,1,0.01,1,1,""
mreza-mira.net,1,0.01,75,75,""
nasiljudi-gentenostra.hr,1,0.01,1,1,""
naturala.hr,1,0.01,139,139,""
nautica-portal.com,1,0.01,1,1,""
netkolumne.com,1,0.01,9266,9266,""
newsbar.hr,1,0.01,74891,74891,""
nhs.hr,1,0.01,0,0,""
normabel.com,1,0.01,16170,16170,""
novahrvatskabanka.hr,1,0.01,2160,2160,""
oazaznanja.com,1,0.01,1245,1245,""
obican.info,1,0.01,12,12,""
obloga.org,1,0.01,0,0,""
obracun-placa.com,1,0.01,839,839,""
oie.hr,1,0.01,1,1,""
oip.hr,1,0.01,300,300,""
onlinekrediti.com,1,0.01,0,0,""
opatija.hr,1,0.01,0,0,""
otoci.net,1,0.01,882,882,""
p-portal.net,1,0.01,1635,1635,""
pbz.hr,1,0.01,333,333,""
pero mandic,1,0.01,1,1,""
pick.jobs,1,0.01,795,795,""
place2go.hr,1,0.01,2,2,""
plaviured.hr,1,0.01,255,255,""
ploce.com.hr,1,0.01,489,489,""
poslovne.com,1,0.01,6,6,""
postpress.com.hr,1,0.01,0,0,""
pozega.hr,1,0.01,1,1,""
pregrada.hr,1,0.01,3,3,""
press032.com,1,0.01,189,189,""
prglas.com,1,0.01,2,2,""
proteka.hr,1,0.01,1,1,""
provjeri.hr,1,0.01,4593,4593,""
radioimotski.hr,1,0.01,1101,1101,""
radiomegaton.hr,1,0.01,0,0,""
radiovrbovec.hr,1,0.01,351,351,""
radnickaprava.org,1,0.01,298,298,""
redea.hr,1,0.01,0,0,""
regea.org,1,0.01,0,0,""
rekreativno.info,1,0.01,703,703,""
relaxino.com,1,0.01,0,0,""
ris.hr,1,0.01,1162,1162,""
risnjak.hr,1,0.01,0,0,""
rssing.com,1,0.01,3510,3510,""
rtv-hb.com,1,0.01,1304,1304,""
ru24.net,1,0.01,28,28,""
scena.hr,1,0.01,370,370,""
sdlsn.hr,1,0.01,225,225,""
sesvete-danas.hr,1,0.01,272,272,""
sisak.info,1,0.01,4490,4490,""
smn.hr,1,0.01,1387,1387,""
soundsetragusa.hr,1,0.01,0,0,""
sportnedjeljom.hr,1,0.01,0,0,""
srce.hr,1,0.01,1086,1086,""
stampar.hr,1,0.01,12,12,""
stedopis.hr,1,0.01,45,45,""
stipo benić,1,0.01,10,10,""
streaming.hr,1,0.01,1,1,""
studiom.hr,1,0.01,0,0,""
tehnicki-muzej.hr,1,0.01,2,2,""
tomislavnews.com,1,0.01,663,663,""
translate.goog,1,0.01,9,9,""
trebinjedanas.com,1,0.01,47,47,""
tunera.info,1,0.01,54,54,""
tzdubrovnik.hr,1,0.01,1,1,""
ubik.hr,1,0.01,1665,1665,""
unipu.hr,1,0.01,23,23,""
universitas-portal.hr,1,0.01,541,541,""
unizg.hr,1,0.01,510,510,""
usred.hr,1,0.01,1089,1089,""
vern.hr,1,0.01,6,6,""
vidi.hr,1,0.01,3,3,""
visitjelsa.hr,1,0.01,0,0,""
visitsplit.com,1,0.01,10,10,""
vtv.hr,1,0.01,54,54,""
wbb.media,1,0.01,45,45,""
zadarskiportal.com,1,0.01,300,300,""
zagrebancija.com,1,0.01,6,6,""
zona-znanja.hr,1,0.01,1,1,""
zupcica.hr,1,0.01,45,45,""
Čarobna Vatra 🔥,1,0.01,0,,""
Žana Vlainić,1,0.01,10,10,""
мaтко,1,0.01,14,14,""
ೄྀ࿐,1,0.01,0,,""
💯%potrebitNo🇭🇷🇺🇦,1,0.01,1,1,""
